datetime,Global_active_power
2007/1/14,3007.816
2007/1/15,2148.678
2007/1/16,1686.404
2007/1/17,2847.688
2007/1/18,1821.462
2007/1/19,1480.44
2007/1/20,3133.732
2007/1/21,3407.262
2007/1/22,2180.494
2007/1/23,1777.64
2007/1/24,2987.854
2007/1/25,1596.344
2007/1/26,1617.972
2007/1/27,2044.072
2007/1/28,3090.204
2007/1/29,1982.664
2007/1/30,1707.798
2007/1/31,2363.752
2007/2/1,1824.76
2007/2/2,1667.736
2007/2/3,4029.722
2007/2/4,3595.94
2007/2/5,1645.28
2007/2/6,1273.48
2007/2/7,2328.018
2007/2/8,1801.414
2007/2/9,1620.198
2007/2/10,2829.328
2007/2/11,3571.228
2007/2/12,1877.61
2007/2/13,1414.546
2007/2/14,2498.672
2007/2/15,1985.346
2007/2/16,1702.528
2007/2/17,2076.912
2007/2/18,3829.762
2007/2/19,2186.614
2007/2/20,3149.928
2007/2/21,2072.874
2007/2/22,3369.478
2007/2/23,1313.48
2007/2/24,714.922
2007/2/25,501.74
2007/2/26,568.484
2007/2/27,518.112
2007/2/28,520.774
2007/3/1,517.564
2007/3/2,515.688
2007/3/3,819.122
2007/3/4,2090.7
2007/3/5,2660.332
2007/3/6,1246.5
2007/3/7,2375.206
2007/3/8,1572.132
2007/3/9,1272.612
2007/3/10,2484.712
2007/3/11,3480.636
2007/3/12,1950.668
2007/3/13,1290.144
2007/3/14,1793.364
2007/3/15,1884.814
2007/3/16,1702.054
2007/3/17,2028.09
2007/3/18,2371.046
2007/3/19,2152.518
2007/3/20,2086.228
2007/3/21,2142.092
2007/3/22,1454.978
2007/3/23,1309.008
2007/3/24,2968.43
2007/3/25,3336.124
2007/3/26,1416.082
2007/3/27,1105.14
2007/3/28,2333.898
2007/3/29,1590.406
2007/3/30,1402.394
2007/3/31,3509.51
2007/4/1,2785.952
2007/4/2,1960.778
2007/4/3,1642.82
2007/4/4,2051.868
2007/4/5,1844.078
2007/4/6,1601.14
2007/4/7,1553.924
2007/4/8,1608.816
2007/4/9,1000.92
2007/4/10,777.364
2007/4/11,887.482
2007/4/12,537.706
2007/4/13,551.022
2007/4/14,554.268
2007/4/15,726.164
2007/4/16,952.39
2007/4/17,1223.734
2007/4/18,998.246
2007/4/19,1028.658
2007/4/20,822.58
2007/4/21,1673.656
2007/4/22,2233.714
2007/4/23,1054.566
2007/4/24,1032.1
2007/4/25,1264.162
2007/4/26,1275.466
2007/4/27,1094.332
2007/4/28,22.738
2007/4/29,0
2007/4/30,420.822
2007/5/1,1663.858
2007/5/2,1003.486
2007/5/3,1090.238
2007/5/4,998.128
2007/5/5,1563.052
2007/5/6,2102.104
2007/5/7,1643.664
2007/5/8,1789.292
2007/5/9,1665.736
2007/5/10,707.884
2007/5/11,979.154
2007/5/12,1441.566
2007/5/13,1634.738
2007/5/14,1467.782
2007/5/15,904.392
2007/5/16,1692.944
2007/5/17,1231.816
2007/5/18,1631.53
2007/5/19,1429.442
2007/5/20,1968.328
2007/5/21,1120.062
2007/5/22,1132.852
2007/5/23,1464.936
2007/5/24,1154.388
2007/5/25,1614.22
2007/5/26,1512.248
2007/5/27,2153.808
2007/5/28,1637.468
2007/5/29,1061.34
2007/5/30,1609.866
2007/5/31,938.55
2007/6/1,1044.918
2007/6/2,1484.362
2007/6/3,2108.026
2007/6/4,911.618
2007/6/5,1458.892
2007/6/6,1693.638
2007/6/7,985.002
2007/6/8,2148.046
2007/6/9,1059.814
2007/6/10,1340.812
2007/6/11,794.654
2007/6/12,918.766
2007/6/13,927.272
2007/6/14,1259.084
2007/6/15,989.604
2007/6/16,2017.762
2007/6/17,1947.09
2007/6/18,678.474
2007/6/19,842.36
2007/6/20,1074.286
2007/6/21,806.946
2007/6/22,566.294
2007/6/23,477.566
2007/6/24,714.656
2007/6/25,1072.202
2007/6/26,944.908
2007/6/27,1480.826
2007/6/28,1295.438
2007/6/29,1304.198
2007/6/30,1335.314
2007/7/1,1026.664
2007/7/2,967.032
2007/7/3,1059.912
2007/7/4,1003.41
2007/7/5,1057.29
2007/7/6,1069.524
2007/7/7,1358.206
2007/7/8,1089.08
2007/7/9,1180.158
2007/7/10,908.324
2007/7/11,722.352
2007/7/12,1069.582
2007/7/13,794.382
2007/7/14,1288.17
2007/7/15,917.024
2007/7/16,853.674
2007/7/17,719.632
2007/7/18,757.082
2007/7/19,677.886
2007/7/20,1110.422
2007/7/21,1060.248
2007/7/22,1375.774
2007/7/23,991.018
2007/7/24,825.284
2007/7/25,472.56
2007/7/26,924.5
2007/7/27,1202.514
2007/7/28,1621.862
2007/7/29,321.116
2007/7/30,466.816
2007/7/31,812.332
2007/8/1,1060.338
2007/8/2,1019.416
2007/8/3,1063.364
2007/8/4,1144.99
2007/8/5,787.098
2007/8/6,1089.72
2007/8/7,1483.58
2007/8/8,1125.482
2007/8/9,1071.68
2007/8/10,1028.01
2007/8/11,1091.65
2007/8/12,1241.904
2007/8/13,1153.012
2007/8/14,941.19
2007/8/15,1191.86
2007/8/16,958.496
2007/8/17,1009.892
2007/8/18,347.96
2007/8/19,1422.294
2007/8/20,1338.842
2007/8/21,642.556
2007/8/22,1209.808
2007/8/23,1112.312
2007/8/24,1656.214
2007/8/25,1150.88
2007/8/26,1314.906
2007/8/27,1211.73
2007/8/28,997.004
2007/8/29,747.992
2007/8/30,1202.458
2007/8/31,1279.822
2007/9/1,1701.486
2007/9/2,1662.468
2007/9/3,1038.922
2007/9/4,1584.944
2007/9/5,1236.572
2007/9/6,901.474
2007/9/7,1336.496
2007/9/8,1469.752
2007/9/9,1679.502
2007/9/10,1117.376
2007/9/11,983.572
2007/9/12,1287.764
2007/9/13,1146.382
2007/9/14,1135.47
2007/9/15,1095.312
2007/9/16,1652.224
2007/9/17,1461.186
2007/9/18,1167.52
2007/9/19,1298.684
2007/9/20,1255.532
2007/9/21,1238.78
2007/9/22,1176.172
2007/9/23,1417.97
2007/9/24,1354.53
2007/9/25,1764.342
2007/9/26,1822.264
2007/9/27,1392.6
2007/9/28,1680.498
2007/9/29,2296.522
2007/9/30,1516.29
2007/10/1,1720.922
2007/10/2,2198.864
2007/10/3,1280.454
2007/10/4,1518.458
2007/10/5,1394.092
2007/10/6,1756.24
2007/10/7,2106.114
2007/10/8,1095.242
2007/10/9,1687.858
2007/10/10,1166.972
2007/10/11,1732.446
2007/10/12,1914.504
2007/10/13,1926.728
2007/10/14,2061.252
2007/10/15,1266.33
2007/10/16,1964.442
2007/10/17,1576.93
2007/10/18,1518.53
2007/10/19,2085.648
2007/10/20,1660.246
2007/10/21,1941.94
2007/10/22,1652.896
2007/10/23,1954.648
2007/10/24,1865.636
2007/10/25,1853.918
2007/10/26,1437.568
2007/10/27,1785.688
2007/10/28,512.158
2007/10/29,545.428
2007/10/30,811.008
2007/10/31,1283.21
2007/11/1,496.216
2007/11/2,1443.602
2007/11/3,492.55
2007/11/4,1485.686
2007/11/5,1500.592
2007/11/6,2082.378
2007/11/7,1844.758
2007/11/8,1501.06
2007/11/9,2171.226
2007/11/10,2611.6
2007/11/11,1887.124
2007/11/12,2156.146
2007/11/13,2214.398
2007/11/14,2047.994
2007/11/15,1491.988
2007/11/16,2309.754
2007/11/17,2610.094
2007/11/18,2183.858
2007/11/19,1723.654
2007/11/20,2095.856
2007/11/21,1751.836
2007/11/22,1932.378
2007/11/23,2522.618
2007/11/24,1899.054
2007/11/25,1395.598
2007/11/26,1569.716
2007/11/27,2801.012
2007/11/28,1644.94
2007/11/29,1719.23
2007/11/30,2331.728
2007/12/1,3134.942
2007/12/2,2946.188
2007/12/3,1762.06
2007/12/4,2067.636
2007/12/5,2153.12
2007/12/6,2487.934
2007/12/7,1769.016
2007/12/8,2213.404
2007/12/9,2274.584
2007/12/10,1758.754
2007/12/11,2305.104
2007/12/12,1588.062
2007/12/13,1847.746
2007/12/14,1974.808
2007/12/15,2736.876
2007/12/16,2762.218
2007/12/17,1797.066
2007/12/18,2623.194
2007/12/19,2196.052
2007/12/20,1949.758
2007/12/21,1982.576
2007/12/22,2611.264
2007/12/23,2409.048
2007/12/24,2257.848
2007/12/25,2694.968
2007/12/26,2580.28
2007/12/27,2532.198
2007/12/28,3113.052
2007/12/29,3298.956
2007/12/30,2558.916
2007/12/31,2216.542
2008/1/1,2759.738
2008/1/2,1644.106
2008/1/3,1510.108
2008/1/4,2291.852
2008/1/5,2183.248
2008/1/6,1825.184
2008/1/7,1695.814
2008/1/8,2043.55
2008/1/9,1788.44
2008/1/10,1894.076
2008/1/11,1705.818
2008/1/12,2871.408
2008/1/13,2881.656
2008/1/14,2024.932
2008/1/15,2686.912
2008/1/16,2135.852
2008/1/17,1572.282
2008/1/18,2186.988
2008/1/19,1980.306
2008/1/20,1740.368
2008/1/21,1858.998
2008/1/22,2325.018
2008/1/23,1882.308
2008/1/24,1645.022
2008/1/25,2239.856
2008/1/26,2834.988
2008/1/27,2381.766
2008/1/28,2308.196
2008/1/29,2676.024
2008/1/30,1640.646
2008/1/31,1953.922
2008/2/1,1534.652
2008/2/2,2936.034
2008/2/3,2084.568
2008/2/4,1628.138
2008/2/5,2472.456
2008/2/6,1669.54
2008/2/7,1518.31
2008/2/8,1950.564
2008/2/9,2102.276
2008/2/10,2184.714
2008/2/11,1692.016
2008/2/12,1987.798
2008/2/13,1900.498
2008/2/14,1604.622
2008/2/15,2005.208
2008/2/16,2346.948
2008/2/17,1933.368
2008/2/18,1514.404
2008/2/19,2126.916
2008/2/20,2253.79
2008/2/21,1633.85
2008/2/22,1732.564
2008/2/23,1833.97
2008/2/24,1263.008
2008/2/25,504.488
2008/2/26,507.12
2008/2/27,566.72
2008/2/28,509.184
2008/2/29,1333.348
2008/3/1,1141.876
2008/3/2,1162.226
2008/3/3,1040.55
2008/3/4,1668.99
2008/3/5,2037.208
2008/3/6,2503.208
2008/3/7,1862.956
2008/3/8,2248.66
2008/3/9,1560.458
2008/3/10,1618.686
2008/3/11,2200.042
2008/3/12,1774.232
2008/3/13,1675.514
2008/3/14,2210.22
2008/3/15,1576.3
2008/3/16,1801.96
2008/3/17,1706.918
2008/3/18,1917.566
2008/3/19,1308.448
2008/3/20,1253.274
2008/3/21,2066.442
2008/3/22,2053.516
2008/3/23,2325.99
2008/3/24,1974.668
2008/3/25,2015.856
2008/3/26,1633.472
2008/3/27,1370.822
2008/3/28,1885.424
2008/3/29,2471.15
2008/3/30,2146.392
2008/3/31,1377.57
2008/4/1,2129.052
2008/4/2,1691.672
2008/4/3,1128.756
2008/4/4,1631.918
2008/4/5,1970.762
2008/4/6,1696.318
2008/4/7,1538.838
2008/4/8,2657.516
2008/4/9,1218.852
2008/4/10,1477.746
2008/4/11,1877.664
2008/4/12,2800.014
2008/4/13,2232.986
2008/4/14,1589.582
2008/4/15,1670.406
2008/4/16,1489.064
2008/4/17,1395.862
2008/4/18,1862.39
2008/4/19,2253.71
2008/4/20,1791.418
2008/4/21,1164.156
2008/4/22,1627.676
2008/4/23,1357.328
2008/4/24,1043.772
2008/4/25,1267.734
2008/4/26,903.166
2008/4/27,1008.24
2008/4/28,659.052
2008/4/29,1972.616
2008/4/30,1101.726
2008/5/1,576.014
2008/5/2,1497.768
2008/5/3,1289.6
2008/5/4,1470.97
2008/5/5,1366.932
2008/5/6,1789.98
2008/5/7,1176.264
2008/5/8,2116.698
2008/5/9,1747.272
2008/5/10,1909.128
2008/5/11,1610.92
2008/5/12,1524.204
2008/5/13,1476.894
2008/5/14,1584.262
2008/5/15,1162.768
2008/5/16,1648.03
2008/5/17,1657.454
2008/5/18,1803.958
2008/5/19,1030.262
2008/5/20,1581.334
2008/5/21,1324.112
2008/5/22,976.868
2008/5/23,1484.916
2008/5/24,1580.176
2008/5/25,2048.504
2008/5/26,1289.71
2008/5/27,1708.7
2008/5/28,1114.372
2008/5/29,1135.076
2008/5/30,1397.244
2008/5/31,1641.47
2008/6/1,1848.876
2008/6/2,1074.012
2008/6/3,1597.816
2008/6/4,1588.912
2008/6/5,1120.078
2008/6/6,1217.714
2008/6/7,1882.484
2008/6/8,1542.322
2008/6/9,1325.698
2008/6/10,1067.09
2008/6/11,1123.206
2008/6/12,1259.332
2008/6/13,1874.28
2008/6/14,1384.92
2008/6/15,2289.102
2008/6/16,1303.044
2008/6/17,1145.084
2008/6/18,1893.608
2008/6/19,1588.082
2008/6/20,1676.104
2008/6/21,1734.254
2008/6/22,1566.416
2008/6/23,1251.796
2008/6/24,1754.452
2008/6/25,1261.77
2008/6/26,1056.02
2008/6/27,1755.152
2008/6/28,1208.8
2008/6/29,749.352
2008/6/30,804.196
2008/7/1,1215.24
2008/7/2,1147.202
2008/7/3,1098.36
2008/7/4,942.02
2008/7/5,1469.088
2008/7/6,1805.064
2008/7/7,983.39
2008/7/8,1126.214
2008/7/9,919.318
2008/7/10,1251.276
2008/7/11,1254.216
2008/7/12,1328.852
2008/7/13,1253.754
2008/7/14,1137.926
2008/7/15,1155.86
2008/7/16,1077.062
2008/7/17,1319.122
2008/7/18,1261.584
2008/7/19,1344.014
2008/7/20,941.534
2008/7/21,1156.478
2008/7/22,740.242
2008/7/23,942.63
2008/7/24,1093.45
2008/7/25,865.534
2008/7/26,815.684
2008/7/27,1147.396
2008/7/28,825.804
2008/7/29,1166.558
2008/7/30,1299.908
2008/7/31,1392.638
2008/8/1,739.576
2008/8/2,505.776
2008/8/3,504.782
2008/8/4,1125.92
2008/8/5,827.118
2008/8/6,326.112
2008/8/7,334.884
2008/8/8,302.2
2008/8/9,358.924
2008/8/10,352.032
2008/8/11,371.916
2008/8/12,288.984
2008/8/13,282.584
2008/8/14,270.258
2008/8/15,273.654
2008/8/16,274.814
2008/8/17,274.796
2008/8/18,273.758
2008/8/19,274.692
2008/8/20,268.472
2008/8/21,261.298
2008/8/22,267.124
2008/8/23,254.642
2008/8/24,254.716
2008/8/25,250.298
2008/8/26,257.564
2008/8/27,258.114
2008/8/28,268.246
2008/8/29,267.588
2008/8/30,270.424
2008/8/31,1500.614
2008/9/1,1247.51
2008/9/2,1384.154
2008/9/3,1388.486
2008/9/4,1225.22
2008/9/5,873.96
2008/9/6,1868.574
2008/9/7,1372.656
2008/9/8,1309.324
2008/9/9,1159.654
2008/9/10,1300.764
2008/9/11,1028.714
2008/9/12,1392.762
2008/9/13,1631.436
2008/9/14,1576.326
2008/9/15,1697.708
2008/9/16,1221.862
2008/9/17,1519.21
2008/9/18,1505.29
2008/9/19,1518.846
2008/9/20,1304.6
2008/9/21,1533.07
2008/9/22,1358.564
2008/9/23,1232.788
2008/9/24,1718.35
2008/9/25,1131.22
2008/9/26,1431.45
2008/9/27,2127.446
2008/9/28,1731.104
2008/9/29,1501.738
2008/9/30,1375.006
2008/10/1,1872.364
2008/10/2,1345.342
2008/10/3,1612.58
2008/10/4,2100.496
2008/10/5,1549.95
2008/10/6,1423.782
2008/10/7,1726.568
2008/10/8,1860.576
2008/10/9,1983.682
2008/10/10,1518.338
2008/10/11,1669.386
2008/10/12,1907.94
2008/10/13,1461.976
2008/10/14,1609.056
2008/10/15,2156.896
2008/10/16,1583.68
2008/10/17,1866.886
2008/10/18,2239.19
2008/10/19,1971.934
2008/10/20,1667.554
2008/10/21,2063.716
2008/10/22,1646.01
2008/10/23,1830.494
2008/10/24,2133.226
2008/10/25,1523.156
2008/10/26,523.492
2008/10/27,523.892
2008/10/28,1327.29
2008/10/29,1612.576
2008/10/30,1098.6
2008/10/31,1285.832
2008/11/1,830.498
2008/11/2,910.614
2008/11/3,847.6
2008/11/4,1562.316
2008/11/5,3134.93
2008/11/6,1588.438
2008/11/7,1619.184
2008/11/8,1733.138
2008/11/9,2578.538
2008/11/10,2091.88
2008/11/11,2455.95
2008/11/12,2186.494
2008/11/13,1238.46
2008/11/14,1621.738
2008/11/15,3031.628
2008/11/16,2365.432
2008/11/17,1523.636
2008/11/18,1749.05
2008/11/19,1840.238
2008/11/20,1692.336
2008/11/21,1673.93
2008/11/22,1711.368
2008/11/23,3405.324
2008/11/24,3212.998
2008/11/25,2702.85
2008/11/26,1515.954
2008/11/27,2362.218
2008/11/28,1885.964
2008/11/29,2434.668
2008/11/30,2401.388
2008/12/1,1616.538
2008/12/2,1793.444
2008/12/3,1755.164
2008/12/4,1738.638
2008/12/5,2058.618
2008/12/6,2523.836
2008/12/7,2466.74
2008/12/8,1868.636
2008/12/9,2003.144
2008/12/10,2111.02
2008/12/11,1432.522
2008/12/12,1815.534
2008/12/13,1825.574
2008/12/14,2002.12
2008/12/15,1795.45
2008/12/16,1797.09
2008/12/17,2098.786
2008/12/18,1736.94
2008/12/19,1882.112
2008/12/20,2242.502
2008/12/21,2643.61
2008/12/22,2015.808
2008/12/23,1798.088
2008/12/24,1269.638
2008/12/25,1061.118
2008/12/26,1223.732
2008/12/27,2972.164
2008/12/28,1570.642
2008/12/29,555.278
2008/12/30,1195.238
2008/12/31,1964.188
2009/1/1,1406.692
2009/1/2,2327.51
2009/1/3,1913.496
2009/1/4,1939.994
2009/1/5,1604
2009/1/6,1689.862
2009/1/7,2080.272
2009/1/8,1633.27
2009/1/9,1788.702
2009/1/10,2102.948
2009/1/11,1975.988
2009/1/12,1589.278
2009/1/13,2182.6
2009/1/14,1776.282
2009/1/15,1564.068
2009/1/16,2766.554
2009/1/17,3317.82
2009/1/18,3154.194
2009/1/19,1699.866
2009/1/20,1738.028
2009/1/21,1739.434
2009/1/22,1237.356
2009/1/23,1910.536
2009/1/24,2200.77
2009/1/25,2843.664
2009/1/26,1674.472
2009/1/27,1425.03
2009/1/28,2721.734
2009/1/29,1573.698
2009/1/30,2059.038
2009/1/31,3312.852
2009/2/1,1807.46
2009/2/2,1603.3
2009/2/3,1868.39
2009/2/4,2460.924
2009/2/5,1649.088
2009/2/6,2048.396
2009/2/7,3131.536
2009/2/8,2182.866
2009/2/9,1706.638
2009/2/10,1943.822
2009/2/11,2639.39
2009/2/12,1968.66
2009/2/13,1690.022
2009/2/14,2332.594
2009/2/15,1586.032
2009/2/16,1318.994
2009/2/17,781.698
2009/2/18,826.45
2009/2/19,737.268
2009/2/20,1880.736
2009/2/21,1316.184
2009/2/22,2238.478
2009/2/23,2733.656
2009/2/24,1783.144
2009/2/25,1169.844
2009/2/26,1156.852
2009/2/27,2028.918
2009/2/28,1630.75
2009/3/1,2467.626
2009/3/2,1477.442
2009/3/3,1848.952
2009/3/4,1842.13
2009/3/5,1441.812
2009/3/6,1783.474
2009/3/7,1696.466
2009/3/8,2357.166
2009/3/9,1685.556
2009/3/10,1836.21
2009/3/11,2405.904
2009/3/12,1887.26
2009/3/13,1445.52
2009/3/14,2149.028
2009/3/15,1942.062
2009/3/16,1334.732
2009/3/17,1931.91
2009/3/18,1450.68
2009/3/19,1191.532
2009/3/20,1463.906
2009/3/21,1930.022
2009/3/22,1689.17
2009/3/23,1296.45
2009/3/24,1661.712
2009/3/25,1838.774
2009/3/26,1211.004
2009/3/27,1713.926
2009/3/28,2260.976
2009/3/29,2216.65
2009/3/30,1477.452
2009/3/31,1823.482
2009/4/1,1641.14
2009/4/2,1644.334
2009/4/3,1363.26
2009/4/4,2191.232
2009/4/5,1375.716
2009/4/6,1452.634
2009/4/7,1440.092
2009/4/8,1534.6
2009/4/9,1890.472
2009/4/10,1842.114
2009/4/11,2462.446
2009/4/12,2141.012
2009/4/13,1598.624
2009/4/14,1501.538
2009/4/15,1216.062
2009/4/16,1564.524
2009/4/17,2042.81
2009/4/18,1512.266
2009/4/19,1286.468
2009/4/20,1486.51
2009/4/21,1894.598
2009/4/22,1496.198
2009/4/23,1141.46
2009/4/24,1194.048
2009/4/25,2022.284
2009/4/26,1781.626
2009/4/27,1351.628
2009/4/28,1706.386
2009/4/29,1664.68
2009/4/30,1834.762
2009/5/1,1512.802
2009/5/2,1393.91
2009/5/3,1608.878
2009/5/4,1667.882
2009/5/5,1731.474
2009/5/6,1349.902
2009/5/7,1012.648
2009/5/8,1857.156
2009/5/9,1261.352
2009/5/10,1966.552
2009/5/11,1517.176
2009/5/12,1625.956
2009/5/13,1246.398
2009/5/14,1606.984
2009/5/15,1422.226
2009/5/16,2007.378
2009/5/17,1543.764
2009/5/18,1209.906
2009/5/19,1617.344
2009/5/20,1307.162
2009/5/21,1575.15
2009/5/22,1074.806
2009/5/23,1530.598
2009/5/24,1287.786
2009/5/25,1354.096
2009/5/26,1337.674
2009/5/27,1544.292
2009/5/28,1179.736
2009/5/29,1242.846
2009/5/30,1659.106
2009/5/31,956.89
2009/6/1,1443.26
2009/6/2,1090.638
2009/6/3,1356.578
2009/6/4,1035.66
2009/6/5,1230.36
2009/6/6,1475.45
2009/6/7,1207.392
2009/6/8,1178.776
2009/6/9,1332.85
2009/6/10,1602.996
2009/6/11,1300.65
2009/6/12,1101.732
2009/6/13,1441.66
2009/6/14,1117.46
2009/6/15,771.908
2009/6/16,1508.792
2009/6/17,988.016
2009/6/18,1165.7
2009/6/19,1086.866
2009/6/20,1107.1
2009/6/21,855.142
2009/6/22,1094.098
2009/6/23,1039.214
2009/6/24,1534.874
2009/6/25,771.362
2009/6/26,1277.322
2009/6/27,1709.052
2009/6/28,1059.394
2009/6/29,1010.134
2009/6/30,1192.446
2009/7/1,1218.342
2009/7/2,1242.578
2009/7/3,864.148
2009/7/4,1238.568
2009/7/5,1410.736
2009/7/6,954.26
2009/7/7,1110.136
2009/7/8,1234.4
2009/7/9,846.252
2009/7/10,1187.118
2009/7/11,993.968
2009/7/12,513.478
2009/7/13,496.746
2009/7/14,911.43
2009/7/15,718.074
2009/7/16,599.554
2009/7/17,731.808
2009/7/18,966.41
2009/7/19,1203.644
2009/7/20,662.486
2009/7/21,813.762
2009/7/22,739.532
2009/7/23,1030
2009/7/24,561.738
2009/7/25,536.688
2009/7/26,543.016
2009/7/27,688.566
2009/7/28,902.85
2009/7/29,902
2009/7/30,792.326
2009/7/31,975.83
2009/8/1,706.966
2009/8/2,489.724
2009/8/3,500.298
2009/8/4,508.892
2009/8/5,518.652
2009/8/6,532.672
2009/8/7,539.296
2009/8/8,526.472
2009/8/9,998.234
2009/8/10,1069.358
2009/8/11,950.954
2009/8/12,824.436
2009/8/13,606.842
2009/8/14,748.676
2009/8/15,1514.062
2009/8/16,1217.712
2009/8/17,785.908
2009/8/18,1080.598
2009/8/19,880.742
2009/8/20,775.722
2009/8/21,1161.746
2009/8/22,1548.738
2009/8/23,1066.708
2009/8/24,1252.254
2009/8/25,943.61
2009/8/26,1136.546
2009/8/27,749.466
2009/8/28,1118.842
2009/8/29,1388.414
2009/8/30,1668.342
2009/8/31,1265.522
2009/9/1,980.536
2009/9/2,1222.814
2009/9/3,1251.188
2009/9/4,1024.388
2009/9/5,1513.866
2009/9/6,1228.63
2009/9/7,1221.458
2009/9/8,1086.254
2009/9/9,1521.344
2009/9/10,1112.354
2009/9/11,1214.146
2009/9/12,2064.358
2009/9/13,1570.302
2009/9/14,1574.858
2009/9/15,1456.806
2009/9/16,1743.162
2009/9/17,1223.426
2009/9/18,1374.032
2009/9/19,2135.71
2009/9/20,2035.328
2009/9/21,1417.868
2009/9/22,1246.536
2009/9/23,1636.61
2009/9/24,1426.258
2009/9/25,1161.016
2009/9/26,1556.254
2009/9/27,1410.472
2009/9/28,1299.456
2009/9/29,1146.398
2009/9/30,1772.736
2009/10/1,1287.252
2009/10/2,1152.668
2009/10/3,1716.74
2009/10/4,1621.106
2009/10/5,1275.522
2009/10/6,1428.448
2009/10/7,1821.834
2009/10/8,1577.166
2009/10/9,1351.862
2009/10/10,2012.756
2009/10/11,1938.284
2009/10/12,1351.604
2009/10/13,1449.1
2009/10/14,1711.224
2009/10/15,1489.976
2009/10/16,1516.86
2009/10/17,2742.08
2009/10/18,1556.164
2009/10/19,1369.108
2009/10/20,1722.808
2009/10/21,1969.506
2009/10/22,1399.71
2009/10/23,1757.45
2009/10/24,2614.408
2009/10/25,2406.536
2009/10/26,1112.344
2009/10/27,1116.756
2009/10/28,1268.708
2009/10/29,1981.44
2009/10/30,1493.358
2009/10/31,1875.942
2009/11/1,1843.168
2009/11/2,1504.226
2009/11/3,2266.688
2009/11/4,1801.8
2009/11/5,1560.466
2009/11/6,1390.45
2009/11/7,1557.176
2009/11/8,2508.002
2009/11/9,1404.752
2009/11/10,1606.184
2009/11/11,2040.48
2009/11/12,1463.066
2009/11/13,1532.926
2009/11/14,2560.456
2009/11/15,1967.308
2009/11/16,1514.468
2009/11/17,1708.294
2009/11/18,2639.174
2009/11/19,1474.848
2009/11/20,1961.016
2009/11/21,2496.856
2009/11/22,2450.976
2009/11/23,1471.122
2009/11/24,2128.856
2009/11/25,1980.13
2009/11/26,1599.626
2009/11/27,1380.026
2009/11/28,1858.95
2009/11/29,1650.962
2009/11/30,1745.19
2009/12/1,1756.378
2009/12/2,2345.668
2009/12/3,1479.688
2009/12/4,1711.294
2009/12/5,2351.762
2009/12/6,2378.288
2009/12/7,1742.638
2009/12/8,2006.884
2009/12/9,1802.356
2009/12/10,2054.286
2009/12/11,1784.462
2009/12/12,1816.38
2009/12/13,2138.814
2009/12/14,1794.862
2009/12/15,1940.116
2009/12/16,1394.874
2009/12/17,1717.182
2009/12/18,1744.706
2009/12/19,2204.334
2009/12/20,1144.166
2009/12/21,2034.966
2009/12/22,1888.022
2009/12/23,1455.2
2009/12/24,2905.894
2009/12/25,2127.648
2009/12/26,2183.618
2009/12/27,2195.452
2009/12/28,2094.098
2009/12/29,2047.968
2009/12/30,2451.11
2009/12/31,2211.892
2010/1/1,1224.252
2010/1/2,1308.836
2010/1/3,2083.454
2010/1/4,1604.132
2010/1/5,2219.78
2010/1/6,1777.18
2010/1/7,1769.442
2010/1/8,1797.208
2010/1/9,2336.9
2010/1/10,2508.466
2010/1/11,1518.684
2010/1/12,1282.538
2010/1/13,1677.252
2010/1/14,618.488
2010/1/15,2196.76
2010/1/16,2150.112
2010/1/17,1906.556
2010/1/18,1881.098
2010/1/19,2433.508
2010/1/20,2351.728
2010/1/21,2137.856
2010/1/22,1790.626
2010/1/23,2608.51
2010/1/24,2269.42
2010/1/25,1930.51
2010/1/26,2067.564
2010/1/27,2760.902
2010/1/28,2110.234
2010/1/29,2092.99
2010/1/30,2842.728
2010/1/31,1799.196
2010/2/1,1693.778
2010/2/2,2157.432
2010/2/3,2903.014
2010/2/4,2316.27
2010/2/5,2098.892
2010/2/6,2712.986
2010/2/7,1625.708
2010/2/8,2582.238
2010/2/9,2420.932
2010/2/10,1944.542
2010/2/11,1369.768
2010/2/12,1892.998
2010/2/13,2351.556
2010/2/14,1686.698
2010/2/15,2097.132
2010/2/16,1797.756
2010/2/17,2054.56
2010/2/18,1761.156
2010/2/19,1953.572
2010/2/20,1983.728
2010/2/21,2740.314
2010/2/22,1474.036
2010/2/23,1461.28
2010/2/24,1914.278
2010/2/25,1880.204
2010/2/26,2120.156
2010/2/27,1765.056
2010/2/28,711.666
2010/3/1,1298.728
2010/3/2,766.906
2010/3/3,935.834
2010/3/4,682.88
2010/3/5,1133.726
2010/3/6,794.712
2010/3/7,1372.472
2010/3/8,2557.098
2010/3/9,1760.112
2010/3/10,1822.632
2010/3/11,1951.09
2010/3/12,1645.424
2010/3/13,2383.01
2010/3/14,1566.714
2010/3/15,1791.85
2010/3/16,1542.65
2010/3/17,2009.13
2010/3/18,1562.682
2010/3/19,1663.384
2010/3/20,131.732
2010/3/21,917.282
2010/3/22,1618.59
2010/3/23,1822.162
2010/3/24,1994.752
2010/3/25,1679.884
2010/3/26,1651.284
2010/3/27,1847.97
2010/3/28,1798.214
2010/3/29,1622.738
2010/3/30,1906.454
2010/3/31,1923.802
2010/4/1,1687.44
2010/4/2,1648.622
2010/4/3,1805.278
2010/4/4,1690.388
2010/4/5,1118.82
2010/4/6,1825.852
2010/4/7,1596.982
2010/4/8,1649.22
2010/4/9,1233.35
2010/4/10,1190.208
2010/4/11,1602.81
2010/4/12,1439.426
2010/4/13,1512.704
2010/4/14,1660.364
2010/4/15,1872.178
2010/4/16,1562.062
2010/4/17,1557.712
2010/4/18,1476.106
2010/4/19,1708.594
2010/4/20,1833.628
2010/4/21,1579.914
2010/4/22,1460.904
2010/4/23,1180.536
2010/4/24,1518.418
2010/4/25,1542.742
2010/4/26,1082.716
2010/4/27,1250.94
2010/4/28,867.858
2010/4/29,1103.724
2010/4/30,1118.628
2010/5/1,1320.158
2010/5/2,2187.91
2010/5/3,1411.302
2010/5/4,1516.96
2010/5/5,1805.308
2010/5/6,1299.25
2010/5/7,1644.004
2010/5/8,1533.422
2010/5/9,1566.51
2010/5/10,1467.892
2010/5/11,1571.368
2010/5/12,2035.418
2010/5/13,1552.496
2010/5/14,1722.146
2010/5/15,1944.772
2010/5/16,2100.426
2010/5/17,1628.182
2010/5/18,1421.184
2010/5/19,1426.752
2010/5/20,1153.898
2010/5/21,1294.396
2010/5/22,2095.772
2010/5/23,1487.556
2010/5/24,1341.332
2010/5/25,1198.626
2010/5/26,1387.884
2010/5/27,1323.342
2010/5/28,1398.164
2010/5/29,2049.808
2010/5/30,1665.7
2010/5/31,1340.462
2010/6/1,1268.964
2010/6/2,980.898
2010/6/3,1394.186
2010/6/4,1420.554
2010/6/5,2009.644
2010/6/6,1746.792
2010/6/7,1012.082
2010/6/8,1362.034
2010/6/9,1534.682
2010/6/10,1215.19
2010/6/11,1470.672
2010/6/12,1973.108
2010/6/13,1674.356
2010/6/14,1217.984
2010/6/15,1223.966
2010/6/16,1768.092
2010/6/17,1028.018
2010/6/18,1332.316
2010/6/19,1416.22
2010/6/20,1672.55
2010/6/21,1660.89
2010/6/22,1520.588
2010/6/23,1442.064
2010/6/24,1095.78
2010/6/25,1099.438
2010/6/26,981.62
2010/6/27,1139.964
2010/6/28,1471.34
2010/6/29,1367.296
2010/6/30,1384.136
2010/7/1,1349.002
2010/7/2,1140.928
2010/7/3,1120.074
2010/7/4,1538.088
2010/7/5,1113.99
2010/7/6,1005.934
2010/7/7,834.788
2010/7/8,1212.652
2010/7/9,1083.478
2010/7/10,1154.504
2010/7/11,1193.572
2010/7/12,1109.574
2010/7/13,1382.114
2010/7/14,1409.472
2010/7/15,1633.162
2010/7/16,820.056
2010/7/17,806.352
2010/7/18,812.038
2010/7/19,801.158
2010/7/20,855.824
2010/7/21,1064.166
2010/7/22,1164.446
2010/7/23,1176.158
2010/7/24,921.668
2010/7/25,1130.41
2010/7/26,884.15
2010/7/27,952.36
2010/7/28,862.654
2010/7/29,549.104
2010/7/30,551.26
2010/7/31,554.616
2010/8/1,555.664
2010/8/2,549.482
2010/8/3,615.212
2010/8/4,543.356
2010/8/5,533.476
2010/8/6,524.746
2010/8/7,527.476
2010/8/8,528.46
2010/8/9,535.064
2010/8/10,544.758
2010/8/11,542.002
2010/8/12,529.698
2010/8/13,534.294
2010/8/14,554.27
2010/8/15,1055.986
2010/8/16,1129.73
2010/8/17,978.202
2010/8/18,1010.498
2010/8/19,983.558
2010/8/20,1006.328
2010/8/21,1011.978
2010/8/22,93.338
2010/8/23,765.658
2010/8/24,722.948
2010/8/25,980.408
2010/8/26,757.252
2010/8/27,2030.65
2010/8/28,1442.856
2010/8/29,1668.48
2010/8/30,1494.802
2010/8/31,1365.106
2010/9/1,1593.318
2010/9/2,1392.492
2010/9/3,1346.414
2010/9/4,1743.84
2010/9/5,1323.018
2010/9/6,1422.876
2010/9/7,1451.854
2010/9/8,1303.812
2010/9/9,1238.714
2010/9/10,1328.108
2010/9/11,1463.31
2010/9/12,1612.092
2010/9/13,1076.32
2010/9/14,1430.678
2010/9/15,986.094
2010/9/16,1339.738
2010/9/17,1497.608
2010/9/18,1247.946
2010/9/19,919.6
2010/9/20,1682.832
2010/9/21,1111.376
2010/9/22,1510.394
2010/9/23,1449.862
2010/9/24,1327.992
2010/9/25,106.006
2010/9/26,1037.992
2010/9/27,1083.558
2010/9/28,470.426
2010/9/29,1684.426
2010/9/30,1248.278
2010/10/1,1504.82
2010/10/2,1923.254
2010/10/3,1830.684
2010/10/4,1775.96
2010/10/5,1854.624
2010/10/6,1315.456
2010/10/7,1809.954
2010/10/8,1510.456
2010/10/9,1611.78
2010/10/10,1998.904
2010/10/11,1622.59
2010/10/12,1579.692
2010/10/13,2073.886
2010/10/14,2135.122
2010/10/15,1596.324
2010/10/16,1000.014
2010/10/17,1047.382
2010/10/18,2713.884
2010/10/19,1925.978
2010/10/20,1727.964
2010/10/21,1355.198
2010/10/22,1668.892
2010/10/23,2293.236
2010/10/24,2390.548
2010/10/25,1163.292
2010/10/26,945.904
2010/10/27,1260.278
2010/10/28,1463.326
2010/10/29,1204.422
2010/10/30,2152.7
2010/10/31,1476.43
2010/11/1,1383.18
2010/11/2,1191.082
2010/11/3,1293.298
2010/11/4,2555.146
2010/11/5,1736.088
2010/11/6,1805.408
2010/11/7,1673.816
2010/11/8,1825.54
2010/11/9,2022.098
2010/11/10,1946.534
2010/11/11,1773.592
2010/11/12,1836.822
2010/11/13,2023.174
2010/11/14,2038.392
2010/11/15,1747.382
2010/11/16,1509.748
2010/11/17,1582.032
2010/11/18,1652.152
2010/11/19,1570.4
2010/11/20,2197.006
